<?xml version="1.0" encoding="UTF-8"?>
<GenRun Id="impl_1" LaunchPart="xc7a35tcpg236-1" LaunchTime="1653530959">
  <File Type="BITSTR-BMM" Name="DEM99_bd.bmm"/>
  <File Type="OPT-METHODOLOGY-DRC" Name="DEM99_methodology_drc_opted.rpt"/>
  <File Type="INIT-TIMING" Name="DEM99_timing_summary_init.rpt"/>
  <File Type="ROUTE-PWR" Name="DEM99_power_routed.rpt"/>
  <File Type="PA-TCL" Name="DEM99.tcl"/>
  <File Type="OPT-TIMING" Name="DEM99_timing_summary_opted.rpt"/>
  <File Type="OPT-DCP" Name="DEM99_opt.dcp"/>
  <File Type="ROUTE-PWR-SUM" Name="DEM99_power_summary_routed.pb"/>
  <File Type="REPORTS-TCL" Name="DEM99_reports.tcl"/>
  <File Type="OPT-DRC" Name="DEM99_drc_opted.rpt"/>
  <File Type="OPT-HWDEF" Name="DEM99.hwdef"/>
  <File Type="PWROPT-DCP" Name="DEM99_pwropt.dcp"/>
  <File Type="PWROPT-DRC" Name="DEM99_drc_pwropted.rpt"/>
  <File Type="PWROPT-TIMING" Name="DEM99_timing_summary_pwropted.rpt"/>
  <File Type="PLACE-DCP" Name="DEM99_placed.dcp"/>
  <File Type="PLACE-IO" Name="DEM99_io_placed.rpt"/>
  <File Type="PLACE-CLK" Name="DEM99_clock_utilization_placed.rpt"/>
  <File Type="PLACE-UTIL" Name="DEM99_utilization_placed.rpt"/>
  <File Type="PLACE-UTIL-PB" Name="DEM99_utilization_placed.pb"/>
  <File Type="PLACE-CTRL" Name="DEM99_control_sets_placed.rpt"/>
  <File Type="PLACE-SIMILARITY" Name="DEM99_incremental_reuse_placed.rpt"/>
  <File Type="PLACE-PRE-SIMILARITY" Name="DEM99_incremental_reuse_pre_placed.rpt"/>
  <File Type="BG-BGN" Name="DEM99.bgn"/>
  <File Type="PLACE-TIMING" Name="DEM99_timing_summary_placed.rpt"/>
  <File Type="POSTPLACE-PWROPT-DCP" Name="DEM99_postplace_pwropt.dcp"/>
  <File Type="BG-BIN" Name="DEM99.bin"/>
  <File Type="POSTPLACE-PWROPT-TIMING" Name="DEM99_timing_summary_postplace_pwropted.rpt"/>
  <File Type="PHYSOPT-DCP" Name="DEM99_physopt.dcp"/>
  <File Type="PHYSOPT-DRC" Name="DEM99_drc_physopted.rpt"/>
  <File Type="BITSTR-MSK" Name="DEM99.msk"/>
  <File Type="PHYSOPT-TIMING" Name="DEM99_timing_summary_physopted.rpt"/>
  <File Type="ROUTE-ERROR-DCP" Name="DEM99_routed_error.dcp"/>
  <File Type="ROUTE-DCP" Name="DEM99_routed.dcp"/>
  <File Type="ROUTE-BLACKBOX-DCP" Name="DEM99_routed_bb.dcp"/>
  <File Type="ROUTE-DRC" Name="DEM99_drc_routed.rpt"/>
  <File Type="ROUTE-DRC-PB" Name="DEM99_drc_routed.pb"/>
  <File Type="BITSTR-LTX" Name="debug_nets.ltx"/>
  <File Type="BITSTR-LTX" Name="DEM99.ltx"/>
  <File Type="ROUTE-DRC-RPX" Name="DEM99_drc_routed.rpx"/>
  <File Type="BITSTR-MMI" Name="DEM99.mmi"/>
  <File Type="ROUTE-METHODOLOGY-DRC" Name="DEM99_methodology_drc_routed.rpt"/>
  <File Type="ROUTE-METHODOLOGY-DRC-RPX" Name="DEM99_methodology_drc_routed.rpx"/>
  <File Type="BITSTR-SYSDEF" Name="DEM99.sysdef"/>
  <File Type="ROUTE-METHODOLOGY-DRC-PB" Name="DEM99_methodology_drc_routed.pb"/>
  <File Type="ROUTE-PWR-RPX" Name="DEM99_power_routed.rpx"/>
  <File Type="ROUTE-STATUS" Name="DEM99_route_status.rpt"/>
  <File Type="ROUTE-STATUS-PB" Name="DEM99_route_status.pb"/>
  <File Type="ROUTE-TIMINGSUMMARY" Name="DEM99_timing_summary_routed.rpt"/>
  <File Type="ROUTE-TIMING-PB" Name="DEM99_timing_summary_routed.pb"/>
  <File Type="ROUTE-TIMING-RPX" Name="DEM99_timing_summary_routed.rpx"/>
  <File Type="ROUTE-SIMILARITY" Name="DEM99_incremental_reuse_routed.rpt"/>
  <File Type="ROUTE-CLK" Name="DEM99_clock_utilization_routed.rpt"/>
  <File Type="ROUTE-BUS-SKEW" Name="DEM99_bus_skew_routed.rpt"/>
  <File Type="ROUTE-BUS-SKEW-PB" Name="DEM99_bus_skew_routed.pb"/>
  <File Type="ROUTE-BUS-SKEW-RPX" Name="DEM99_bus_skew_routed.rpx"/>
  <File Type="POSTROUTE-PHYSOPT-DCP" Name="DEM99_postroute_physopt.dcp"/>
  <File Type="POSTROUTE-PHYSOPT-BLACKBOX-DCP" Name="DEM99_postroute_physopt_bb.dcp"/>
  <File Type="POSTROUTE-PHYSOPT-TIMING" Name="DEM99_timing_summary_postroute_physopted.rpt"/>
  <File Type="POSTROUTE-PHYSOPT-TIMING-PB" Name="DEM99_timing_summary_postroute_physopted.pb"/>
  <File Type="POSTROUTE-PHYSOPT-TIMING-RPX" Name="DEM99_timing_summary_postroute_physopted.rpx"/>
  <File Type="POSTROUTE-PHYSOPT-BUS-SKEW" Name="DEM99_bus_skew_postroute_physopted.rpt"/>
  <File Type="POSTROUTE-PHYSOPT-BUS-SKEW-PB" Name="DEM99_bus_skew_postroute_physopted.pb"/>
  <File Type="BG-BIT" Name="DEM99.bit"/>
  <File Type="POSTROUTE-PHYSOPT-BUS-SKEW-RPX" Name="DEM99_bus_skew_postroute_physopted.rpx"/>
  <File Type="BITSTR-RBT" Name="DEM99.rbt"/>
  <File Type="BITSTR-NKY" Name="DEM99.nky"/>
  <File Type="BG-DRC" Name="DEM99.drc"/>
  <File Type="RDI-RDI" Name="DEM99.vdi"/>
  <File Type="WBT-USG" Name="usage_statistics_webtalk.html"/>
  <FileSet Name="sources" Type="DesignSrcs" RelSrcDir="$PSRCDIR/sources_1">
    <Filter Type="Srcs"/>
    <File Path="$PPRDIR/../clock_divider_100MHz_to_1Hz.vhd">
      <FileInfo>
        <Attr Name="UsedIn" Val="synthesis"/>
        <Attr Name="UsedIn" Val="simulation"/>
      </FileInfo>
    </File>
    <File Path="$PPRDIR/../counter09/counter09.srcs/sources_1/new/counter09.vhd">
      <FileInfo>
        <Attr Name="UsedIn" Val="synthesis"/>
        <Attr Name="UsedIn" Val="simulation"/>
      </FileInfo>
    </File>
    <File Path="$PPRDIR/../hex2led/hex2led/hex2led/hex2led.srcs/sources_1/new/hex2led.vhd">
      <FileInfo>
        <Attr Name="UsedIn" Val="synthesis"/>
        <Attr Name="UsedIn" Val="simulation"/>
      </FileInfo>
    </File>
    <File Path="$PPRDIR/../THONG_divi_99/THONG_divi_99.srcs/sources_1/new/my_clk.vhd">
      <FileInfo>
        <Attr Name="UsedIn" Val="synthesis"/>
        <Attr Name="UsedIn" Val="simulation"/>
      </FileInfo>
    </File>
    <File Path="$PSRCDIR/sources_1/new/DEM99.vhd">
      <FileInfo>
        <Attr Name="UsedIn" Val="synthesis"/>
        <Attr Name="UsedIn" Val="simulation"/>
      </FileInfo>
    </File>
    <Config>
      <Option Name="DesignMode" Val="RTL"/>
      <Option Name="TopModule" Val="DEM99"/>
      <Option Name="TopAutoSet" Val="TRUE"/>
    </Config>
  </FileSet>
  <FileSet Name="constrs_in" Type="Constrs" RelSrcDir="$PSRCDIR/constrs_1">
    <Filter Type="Constrs"/>
    <File Path="$PPRDIR/../Basys3_Master.xdc">
      <FileInfo>
        <Attr Name="UsedIn" Val="synthesis"/>
        <Attr Name="UsedIn" Val="implementation"/>
      </FileInfo>
    </File>
    <Config>
      <Option Name="ConstrsType" Val="XDC"/>
    </Config>
  </FileSet>
  <FileSet Name="utils" Type="Utils" RelSrcDir="$PSRCDIR/utils_1">
    <Filter Type="Utils"/>
    <Config>
      <Option Name="TopAutoSet" Val="TRUE"/>
    </Config>
  </FileSet>
  <Strategy Version="1" Minor="2">
    <StratHandle Name="Vivado Implementation Defaults" Flow="Vivado Implementation 2018">
      <Desc>Default settings for Implementation.</Desc>
    </StratHandle>
    <Step Id="init_design"/>
    <Step Id="opt_design"/>
    <Step Id="power_opt_design"/>
    <Step Id="place_design"/>
    <Step Id="post_place_power_opt_design"/>
    <Step Id="phys_opt_design"/>
    <Step Id="route_design"/>
    <Step Id="post_route_phys_opt_design"/>
    <Step Id="write_bitstream"/>
  </Strategy>
</GenRun>
