<?xml version="1.0" encoding="UTF-8"?>
<GenRun Id="impl_1" LaunchPart="xc7a35tcpg236-1" LaunchTime="1651816036">
  <File Type="BITSTR-BMM" Name="hex2led_bd.bmm"/>
  <File Type="OPT-METHODOLOGY-DRC" Name="hex2led_methodology_drc_opted.rpt"/>
  <File Type="INIT-TIMING" Name="hex2led_timing_summary_init.rpt"/>
  <File Type="ROUTE-PWR" Name="hex2led_power_routed.rpt"/>
  <File Type="PA-TCL" Name="hex2led.tcl"/>
  <File Type="OPT-TIMING" Name="hex2led_timing_summary_opted.rpt"/>
  <File Type="OPT-DCP" Name="hex2led_opt.dcp"/>
  <File Type="ROUTE-PWR-SUM" Name="hex2led_power_summary_routed.pb"/>
  <File Type="REPORTS-TCL" Name="hex2led_reports.tcl"/>
  <File Type="OPT-DRC" Name="hex2led_drc_opted.rpt"/>
  <File Type="OPT-HWDEF" Name="hex2led.hwdef"/>
  <File Type="PWROPT-DCP" Name="hex2led_pwropt.dcp"/>
  <File Type="PWROPT-DRC" Name="hex2led_drc_pwropted.rpt"/>
  <File Type="PWROPT-TIMING" Name="hex2led_timing_summary_pwropted.rpt"/>
  <File Type="PLACE-DCP" Name="hex2led_placed.dcp"/>
  <File Type="PLACE-IO" Name="hex2led_io_placed.rpt"/>
  <File Type="PLACE-CLK" Name="hex2led_clock_utilization_placed.rpt"/>
  <File Type="PLACE-UTIL" Name="hex2led_utilization_placed.rpt"/>
  <File Type="PLACE-UTIL-PB" Name="hex2led_utilization_placed.pb"/>
  <File Type="PLACE-CTRL" Name="hex2led_control_sets_placed.rpt"/>
  <File Type="PLACE-SIMILARITY" Name="hex2led_incremental_reuse_placed.rpt"/>
  <File Type="PLACE-PRE-SIMILARITY" Name="hex2led_incremental_reuse_pre_placed.rpt"/>
  <File Type="BG-BGN" Name="hex2led.bgn"/>
  <File Type="PLACE-TIMING" Name="hex2led_timing_summary_placed.rpt"/>
  <File Type="POSTPLACE-PWROPT-DCP" Name="hex2led_postplace_pwropt.dcp"/>
  <File Type="BG-BIN" Name="hex2led.bin"/>
  <File Type="POSTPLACE-PWROPT-TIMING" Name="hex2led_timing_summary_postplace_pwropted.rpt"/>
  <File Type="PHYSOPT-DCP" Name="hex2led_physopt.dcp"/>
  <File Type="PHYSOPT-DRC" Name="hex2led_drc_physopted.rpt"/>
  <File Type="BITSTR-MSK" Name="hex2led.msk"/>
  <File Type="PHYSOPT-TIMING" Name="hex2led_timing_summary_physopted.rpt"/>
  <File Type="ROUTE-ERROR-DCP" Name="hex2led_routed_error.dcp"/>
  <File Type="ROUTE-DCP" Name="hex2led_routed.dcp"/>
  <File Type="ROUTE-BLACKBOX-DCP" Name="hex2led_routed_bb.dcp"/>
  <File Type="ROUTE-DRC" Name="hex2led_drc_routed.rpt"/>
  <File Type="ROUTE-DRC-PB" Name="hex2led_drc_routed.pb"/>
  <File Type="BITSTR-LTX" Name="debug_nets.ltx"/>
  <File Type="BITSTR-LTX" Name="hex2led.ltx"/>
  <File Type="ROUTE-DRC-RPX" Name="hex2led_drc_routed.rpx"/>
  <File Type="BITSTR-MMI" Name="hex2led.mmi"/>
  <File Type="ROUTE-METHODOLOGY-DRC" Name="hex2led_methodology_drc_routed.rpt"/>
  <File Type="ROUTE-METHODOLOGY-DRC-RPX" Name="hex2led_methodology_drc_routed.rpx"/>
  <File Type="BITSTR-SYSDEF" Name="hex2led.sysdef"/>
  <File Type="ROUTE-METHODOLOGY-DRC-PB" Name="hex2led_methodology_drc_routed.pb"/>
  <File Type="ROUTE-PWR-RPX" Name="hex2led_power_routed.rpx"/>
  <File Type="ROUTE-STATUS" Name="hex2led_route_status.rpt"/>
  <File Type="ROUTE-STATUS-PB" Name="hex2led_route_status.pb"/>
  <File Type="ROUTE-TIMINGSUMMARY" Name="hex2led_timing_summary_routed.rpt"/>
  <File Type="ROUTE-TIMING-PB" Name="hex2led_timing_summary_routed.pb"/>
  <File Type="ROUTE-TIMING-RPX" Name="hex2led_timing_summary_routed.rpx"/>
  <File Type="ROUTE-SIMILARITY" Name="hex2led_incremental_reuse_routed.rpt"/>
  <File Type="ROUTE-CLK" Name="hex2led_clock_utilization_routed.rpt"/>
  <File Type="ROUTE-BUS-SKEW" Name="hex2led_bus_skew_routed.rpt"/>
  <File Type="ROUTE-BUS-SKEW-PB" Name="hex2led_bus_skew_routed.pb"/>
  <File Type="ROUTE-BUS-SKEW-RPX" Name="hex2led_bus_skew_routed.rpx"/>
  <File Type="POSTROUTE-PHYSOPT-DCP" Name="hex2led_postroute_physopt.dcp"/>
  <File Type="POSTROUTE-PHYSOPT-BLACKBOX-DCP" Name="hex2led_postroute_physopt_bb.dcp"/>
  <File Type="POSTROUTE-PHYSOPT-TIMING" Name="hex2led_timing_summary_postroute_physopted.rpt"/>
  <File Type="POSTROUTE-PHYSOPT-TIMING-PB" Name="hex2led_timing_summary_postroute_physopted.pb"/>
  <File Type="POSTROUTE-PHYSOPT-TIMING-RPX" Name="hex2led_timing_summary_postroute_physopted.rpx"/>
  <File Type="POSTROUTE-PHYSOPT-BUS-SKEW" Name="hex2led_bus_skew_postroute_physopted.rpt"/>
  <File Type="POSTROUTE-PHYSOPT-BUS-SKEW-PB" Name="hex2led_bus_skew_postroute_physopted.pb"/>
  <File Type="BG-BIT" Name="hex2led.bit"/>
  <File Type="POSTROUTE-PHYSOPT-BUS-SKEW-RPX" Name="hex2led_bus_skew_postroute_physopted.rpx"/>
  <File Type="BITSTR-RBT" Name="hex2led.rbt"/>
  <File Type="BITSTR-NKY" Name="hex2led.nky"/>
  <File Type="BG-DRC" Name="hex2led.drc"/>
  <File Type="RDI-RDI" Name="hex2led.vdi"/>
  <File Type="WBT-USG" Name="usage_statistics_webtalk.html"/>
  <FileSet Name="sources" Type="DesignSrcs" RelSrcDir="$PSRCDIR/sources_1">
    <Filter Type="Srcs"/>
    <File Path="$PSRCDIR/sources_1/new/hex2led.vhd">
      <FileInfo>
        <Attr Name="UsedIn" Val="synthesis"/>
        <Attr Name="UsedIn" Val="simulation"/>
      </FileInfo>
    </File>
    <Config>
      <Option Name="DesignMode" Val="RTL"/>
      <Option Name="TopModule" Val="hex2led"/>
      <Option Name="TopAutoSet" Val="TRUE"/>
    </Config>
  </FileSet>
  <FileSet Name="constrs_in" Type="Constrs" RelSrcDir="$PSRCDIR/constrs_1">
    <Filter Type="Constrs"/>
    <File Path="$PPRDIR/../../../Downloads/Basys3_Master.xdc">
      <FileInfo>
        <Attr Name="UsedIn" Val="synthesis"/>
        <Attr Name="UsedIn" Val="implementation"/>
      </FileInfo>
    </File>
    <Config>
      <Option Name="ConstrsType" Val="XDC"/>
    </Config>
  </FileSet>
  <FileSet Name="utils" Type="Utils" RelSrcDir="$PSRCDIR/utils_1">
    <Filter Type="Utils"/>
    <Config>
      <Option Name="TopAutoSet" Val="TRUE"/>
    </Config>
  </FileSet>
  <Strategy Version="1" Minor="2">
    <StratHandle Name="Vivado Implementation Defaults" Flow="Vivado Implementation 2018"/>
    <Step Id="init_design"/>
    <Step Id="opt_design"/>
    <Step Id="power_opt_design"/>
    <Step Id="place_design"/>
    <Step Id="post_place_power_opt_design"/>
    <Step Id="phys_opt_design"/>
    <Step Id="route_design"/>
    <Step Id="post_route_phys_opt_design"/>
    <Step Id="write_bitstream"/>
  </Strategy>
</GenRun>
