<?xml version="1.0" encoding="UTF-8"?>
<GenRun Id="impl_1" LaunchPart="xc7a35tcpg236-1" LaunchTime="1653498831">
  <File Type="ROUTE-PWR" Name="THONG_DIVIDE_power_routed.rpt"/>
  <File Type="PA-TCL" Name="THONG_DIVIDE.tcl"/>
  <File Type="BITSTR-BMM" Name="THONG_DIVIDE_bd.bmm"/>
  <File Type="ROUTE-PWR-SUM" Name="THONG_DIVIDE_power_summary_routed.pb"/>
  <File Type="REPORTS-TCL" Name="THONG_DIVIDE_reports.tcl"/>
  <File Type="OPT-DCP" Name="THONG_DIVIDE_opt.dcp"/>
  <File Type="OPT-DRC" Name="THONG_DIVIDE_drc_opted.rpt"/>
  <File Type="OPT-HWDEF" Name="THONG_DIVIDE.hwdef"/>
  <File Type="PWROPT-DCP" Name="THONG_DIVIDE_pwropt.dcp"/>
  <File Type="PLACE-DCP" Name="THONG_DIVIDE_placed.dcp"/>
  <File Type="PLACE-IO" Name="THONG_DIVIDE_io_placed.rpt"/>
  <File Type="PLACE-UTIL" Name="THONG_DIVIDE_utilization_placed.rpt"/>
  <File Type="PLACE-UTIL-PB" Name="THONG_DIVIDE_utilization_placed.pb"/>
  <File Type="PLACE-CTRL" Name="THONG_DIVIDE_control_sets_placed.rpt"/>
  <File Type="PLACE-PRE-SIMILARITY" Name="THONG_DIVIDE_incremental_reuse_pre_placed.rpt"/>
  <File Type="BG-BGN" Name="THONG_DIVIDE.bgn"/>
  <File Type="POSTPLACE-PWROPT-DCP" Name="THONG_DIVIDE_postplace_pwropt.dcp"/>
  <File Type="BG-BIN" Name="THONG_DIVIDE.bin"/>
  <File Type="PHYSOPT-DCP" Name="THONG_DIVIDE_physopt.dcp"/>
  <File Type="BITSTR-MSK" Name="THONG_DIVIDE.msk"/>
  <File Type="ROUTE-ERROR-DCP" Name="THONG_DIVIDE_routed_error.dcp"/>
  <File Type="ROUTE-DCP" Name="THONG_DIVIDE_routed.dcp"/>
  <File Type="ROUTE-BLACKBOX-DCP" Name="THONG_DIVIDE_routed_bb.dcp"/>
  <File Type="ROUTE-DRC" Name="THONG_DIVIDE_drc_routed.rpt"/>
  <File Type="ROUTE-DRC-PB" Name="THONG_DIVIDE_drc_routed.pb"/>
  <File Type="ROUTE-DRC-RPX" Name="THONG_DIVIDE_drc_routed.rpx"/>
  <File Type="BITSTR-LTX" Name="THONG_DIVIDE.ltx"/>
  <File Type="ROUTE-METHODOLOGY-DRC" Name="THONG_DIVIDE_methodology_drc_routed.rpt"/>
  <File Type="BITSTR-MMI" Name="THONG_DIVIDE.mmi"/>
  <File Type="ROUTE-METHODOLOGY-DRC-RPX" Name="THONG_DIVIDE_methodology_drc_routed.rpx"/>
  <File Type="ROUTE-METHODOLOGY-DRC-PB" Name="THONG_DIVIDE_methodology_drc_routed.pb"/>
  <File Type="BITSTR-SYSDEF" Name="THONG_DIVIDE.sysdef"/>
  <File Type="ROUTE-PWR-RPX" Name="THONG_DIVIDE_power_routed.rpx"/>
  <File Type="ROUTE-STATUS" Name="THONG_DIVIDE_route_status.rpt"/>
  <File Type="ROUTE-STATUS-PB" Name="THONG_DIVIDE_route_status.pb"/>
  <File Type="ROUTE-TIMINGSUMMARY" Name="THONG_DIVIDE_timing_summary_routed.rpt"/>
  <File Type="ROUTE-TIMING-PB" Name="THONG_DIVIDE_timing_summary_routed.pb"/>
  <File Type="ROUTE-TIMING-RPX" Name="THONG_DIVIDE_timing_summary_routed.rpx"/>
  <File Type="ROUTE-CLK" Name="THONG_DIVIDE_clock_utilization_routed.rpt"/>
  <File Type="ROUTE-BUS-SKEW" Name="THONG_DIVIDE_bus_skew_routed.rpt"/>
  <File Type="ROUTE-BUS-SKEW-PB" Name="THONG_DIVIDE_bus_skew_routed.pb"/>
  <File Type="ROUTE-BUS-SKEW-RPX" Name="THONG_DIVIDE_bus_skew_routed.rpx"/>
  <File Type="POSTROUTE-PHYSOPT-DCP" Name="THONG_DIVIDE_postroute_physopt.dcp"/>
  <File Type="POSTROUTE-PHYSOPT-BLACKBOX-DCP" Name="THONG_DIVIDE_postroute_physopt_bb.dcp"/>
  <File Type="BG-BIT" Name="THONG_DIVIDE.bit"/>
  <File Type="BITSTR-RBT" Name="THONG_DIVIDE.rbt"/>
  <File Type="BITSTR-NKY" Name="THONG_DIVIDE.nky"/>
  <File Type="BG-DRC" Name="THONG_DIVIDE.drc"/>
  <File Type="RDI-RDI" Name="THONG_DIVIDE.vdi"/>
  <File Type="WBT-USG" Name="usage_statistics_webtalk.html"/>
  <FileSet Name="sources" Type="DesignSrcs" RelSrcDir="$PSRCDIR/sources_1">
    <Filter Type="Srcs"/>
    <File Path="$PPRDIR/../clock_divider_100MHz_to_1Hz.vhd">
      <FileInfo>
        <Attr Name="UsedIn" Val="synthesis"/>
        <Attr Name="UsedIn" Val="simulation"/>
      </FileInfo>
    </File>
    <File Path="$PPRDIR/../counter09/counter09.srcs/sources_1/new/counter09.vhd">
      <FileInfo>
        <Attr Name="UsedIn" Val="synthesis"/>
        <Attr Name="UsedIn" Val="simulation"/>
      </FileInfo>
    </File>
    <File Path="$PPRDIR/../hex2led/hex2led/hex2led/hex2led.srcs/sources_1/new/hex2led.vhd">
      <FileInfo>
        <Attr Name="UsedIn" Val="synthesis"/>
        <Attr Name="UsedIn" Val="simulation"/>
      </FileInfo>
    </File>
    <File Path="$PSRCDIR/sources_1/new/my_clk.vhd">
      <FileInfo>
        <Attr Name="UsedIn" Val="synthesis"/>
        <Attr Name="UsedIn" Val="simulation"/>
      </FileInfo>
    </File>
    <File Path="$PSRCDIR/sources_1/new/THONG_DIVIDE.vhd">
      <FileInfo>
        <Attr Name="UsedIn" Val="synthesis"/>
        <Attr Name="UsedIn" Val="simulation"/>
      </FileInfo>
    </File>
    <File Path="$PSRCDIR/sources_1/new/THONG_divide.v">
      <FileInfo>
        <Attr Name="AutoDisabled" Val="1"/>
        <Attr Name="UsedIn" Val="synthesis"/>
        <Attr Name="UsedIn" Val="implementation"/>
        <Attr Name="UsedIn" Val="simulation"/>
      </FileInfo>
    </File>
    <Config>
      <Option Name="DesignMode" Val="RTL"/>
      <Option Name="TopModule" Val="THONG_DIVIDE"/>
      <Option Name="TopAutoSet" Val="TRUE"/>
    </Config>
  </FileSet>
  <FileSet Name="constrs_in" Type="Constrs" RelSrcDir="$PSRCDIR/constrs_1">
    <Filter Type="Constrs"/>
    <File Path="$PPRDIR/../Basys3_Master.xdc">
      <FileInfo>
        <Attr Name="UsedIn" Val="synthesis"/>
        <Attr Name="UsedIn" Val="implementation"/>
      </FileInfo>
    </File>
    <Config>
      <Option Name="ConstrsType" Val="XDC"/>
    </Config>
  </FileSet>
  <FileSet Name="utils" Type="Utils" RelSrcDir="$PSRCDIR/utils_1">
    <Filter Type="Utils"/>
    <Config>
      <Option Name="TopAutoSet" Val="TRUE"/>
    </Config>
  </FileSet>
  <Strategy Version="1" Minor="2">
    <StratHandle Name="Vivado Implementation Defaults" Flow="Vivado Implementation 2018"/>
    <Step Id="init_design"/>
    <Step Id="opt_design"/>
    <Step Id="power_opt_design"/>
    <Step Id="place_design"/>
    <Step Id="post_place_power_opt_design"/>
    <Step Id="phys_opt_design"/>
    <Step Id="route_design"/>
    <Step Id="post_route_phys_opt_design"/>
    <Step Id="write_bitstream"/>
  </Strategy>
</GenRun>
