<?xml version="1.0" encoding="UTF-8"?>
<GenRun Id="impl_1" LaunchPart="xc7a35tcpg236-1" LaunchTime="1653269768">
  <File Type="ROUTE-PWR" Name="counter09_power_routed.rpt"/>
  <File Type="PA-TCL" Name="counter09.tcl"/>
  <File Type="BITSTR-BMM" Name="counter09_bd.bmm"/>
  <File Type="ROUTE-PWR-SUM" Name="counter09_power_summary_routed.pb"/>
  <File Type="REPORTS-TCL" Name="counter09_reports.tcl"/>
  <File Type="OPT-DCP" Name="counter09_opt.dcp"/>
  <File Type="OPT-DRC" Name="counter09_drc_opted.rpt"/>
  <File Type="OPT-HWDEF" Name="counter09.hwdef"/>
  <File Type="PWROPT-DCP" Name="counter09_pwropt.dcp"/>
  <File Type="PLACE-DCP" Name="counter09_placed.dcp"/>
  <File Type="PLACE-IO" Name="counter09_io_placed.rpt"/>
  <File Type="PLACE-UTIL" Name="counter09_utilization_placed.rpt"/>
  <File Type="PLACE-UTIL-PB" Name="counter09_utilization_placed.pb"/>
  <File Type="PLACE-CTRL" Name="counter09_control_sets_placed.rpt"/>
  <File Type="PLACE-PRE-SIMILARITY" Name="counter09_incremental_reuse_pre_placed.rpt"/>
  <File Type="BG-BGN" Name="counter09.bgn"/>
  <File Type="POSTPLACE-PWROPT-DCP" Name="counter09_postplace_pwropt.dcp"/>
  <File Type="BG-BIN" Name="counter09.bin"/>
  <File Type="PHYSOPT-DCP" Name="counter09_physopt.dcp"/>
  <File Type="BITSTR-MSK" Name="counter09.msk"/>
  <File Type="ROUTE-ERROR-DCP" Name="counter09_routed_error.dcp"/>
  <File Type="ROUTE-DCP" Name="counter09_routed.dcp"/>
  <File Type="ROUTE-BLACKBOX-DCP" Name="counter09_routed_bb.dcp"/>
  <File Type="ROUTE-DRC" Name="counter09_drc_routed.rpt"/>
  <File Type="ROUTE-DRC-PB" Name="counter09_drc_routed.pb"/>
  <File Type="ROUTE-DRC-RPX" Name="counter09_drc_routed.rpx"/>
  <File Type="BITSTR-LTX" Name="counter09.ltx"/>
  <File Type="ROUTE-METHODOLOGY-DRC" Name="counter09_methodology_drc_routed.rpt"/>
  <File Type="BITSTR-MMI" Name="counter09.mmi"/>
  <File Type="ROUTE-METHODOLOGY-DRC-RPX" Name="counter09_methodology_drc_routed.rpx"/>
  <File Type="ROUTE-METHODOLOGY-DRC-PB" Name="counter09_methodology_drc_routed.pb"/>
  <File Type="BITSTR-SYSDEF" Name="counter09.sysdef"/>
  <File Type="ROUTE-PWR-RPX" Name="counter09_power_routed.rpx"/>
  <File Type="ROUTE-STATUS" Name="counter09_route_status.rpt"/>
  <File Type="ROUTE-STATUS-PB" Name="counter09_route_status.pb"/>
  <File Type="ROUTE-TIMINGSUMMARY" Name="counter09_timing_summary_routed.rpt"/>
  <File Type="ROUTE-TIMING-PB" Name="counter09_timing_summary_routed.pb"/>
  <File Type="ROUTE-TIMING-RPX" Name="counter09_timing_summary_routed.rpx"/>
  <File Type="ROUTE-CLK" Name="counter09_clock_utilization_routed.rpt"/>
  <File Type="RDI-RDI" Name="counter09.vdi"/>
  <File Type="ROUTE-BUS-SKEW" Name="counter09_bus_skew_routed.rpt"/>
  <File Type="ROUTE-BUS-SKEW-PB" Name="counter09_bus_skew_routed.pb"/>
  <File Type="ROUTE-BUS-SKEW-RPX" Name="counter09_bus_skew_routed.rpx"/>
  <File Type="POSTROUTE-PHYSOPT-DCP" Name="counter09_postroute_physopt.dcp"/>
  <File Type="POSTROUTE-PHYSOPT-BLACKBOX-DCP" Name="counter09_postroute_physopt_bb.dcp"/>
  <File Type="BG-BIT" Name="counter09.bit"/>
  <File Type="BITSTR-RBT" Name="counter09.rbt"/>
  <File Type="BITSTR-NKY" Name="counter09.nky"/>
  <File Type="BG-DRC" Name="counter09.drc"/>
  <File Type="WBT-USG" Name="usage_statistics_webtalk.html"/>
  <FileSet Name="sources" Type="DesignSrcs" RelSrcDir="$PSRCDIR/sources_1">
    <Filter Type="Srcs"/>
    <File Path="$PSRCDIR/sources_1/new/counter09.vhd">
      <FileInfo>
        <Attr Name="UsedIn" Val="synthesis"/>
        <Attr Name="UsedIn" Val="simulation"/>
      </FileInfo>
    </File>
    <Config>
      <Option Name="DesignMode" Val="RTL"/>
      <Option Name="TopModule" Val="counter09"/>
      <Option Name="TopAutoSet" Val="TRUE"/>
    </Config>
  </FileSet>
  <FileSet Name="constrs_in" Type="Constrs" RelSrcDir="$PSRCDIR/constrs_1">
    <Filter Type="Constrs"/>
    <Config>
      <Option Name="ConstrsType" Val="XDC"/>
    </Config>
  </FileSet>
  <FileSet Name="utils" Type="Utils" RelSrcDir="$PSRCDIR/utils_1">
    <Filter Type="Utils"/>
    <Config>
      <Option Name="TopAutoSet" Val="TRUE"/>
    </Config>
  </FileSet>
  <Strategy Version="1" Minor="2">
    <StratHandle Name="Vivado Implementation Defaults" Flow="Vivado Implementation 2018"/>
    <Step Id="init_design"/>
    <Step Id="opt_design"/>
    <Step Id="power_opt_design"/>
    <Step Id="place_design"/>
    <Step Id="post_place_power_opt_design"/>
    <Step Id="phys_opt_design"/>
    <Step Id="route_design"/>
    <Step Id="post_route_phys_opt_design"/>
    <Step Id="write_bitstream"/>
  </Strategy>
</GenRun>
